{"cameraMode":{"drawMode":0,"name":"Shaded","section":"Shading Mode"},"sceneLighting":true,"audioPlay":false,"sceneViewState":{"showFog":true,"showMaterialUpdate":true,"showSkybox":true,"showFlares":true,"showImageEffects":true,"showParticleSystems":true},"in2DMode":false,"pivot":{"x":-0.8178527355194092,"y":-2.7380707263946535,"z":-0.3845186233520508},"rotation":{"x":-0.0038741121534258129,"y":0.9892899990081787,"z":-0.14345066249370576,"w":-0.02671736106276512},"size":15.357945442199707,"orthographic":false}